ITEM,CONDITION,ID,ANSWER,LIST
1,1,570260f06ffa49afb7bdc797a92fea1b,two,1
1,1,3a349d5805754f5c920d5c011aa7ed2c,two,1
1,1,f1c50c4a21dd8490770f989814f3cd76,dont_know,1
1,1,567e07672879e9cece03bcf4f470767f,dont_know,1
1,1,a6cb8d31cdb7346438395858d0824bfa,dont_know,1
1,1,f056225247041558665fe7aa578a40b0,cant_answer,1
1,1,daf6ee4395abb0c2ee84f42b55834d89,cant_answer,1
1,1,880f21222ca0914d0b9f29de0e9cf92a,two,1
1,1,8d21ee40376569fc7e313cf00861df45,dont_know,1
1,1,d35d3ed1ec1ec3452701139b5fbbed08,two,1
1,1,67f21f32053e765011b7a58ebda7c0ef,two,1
1,2,58f37899c02d0bb52f25368cecc352c5,two,2
1,2,ac55e6442ec13faa5a616308add32e86,two,2
1,2,d2297ef62fb166b23254c294ca60cbab,two,2
1,2,0e02bad30b4fa81e489c2df323487f02,dont_know,2
1,2,dbb74898c9160f04a4b94916912f1d25,dont_know,2
1,2,134ec158bcdd1a2e868cf823a76a7e9c,62,2
1,2,19c2d7b9ded0b515c030e3b36dd11909,42,2
1,2,e497d3dd10cf2812b4b80671cff3e665,two,2
1,2,4553ff552fde0b279f147b9cc7f2a8f1,two,2
1,2,0800373747ab78796173416d3a5ac8e8,two,2
1,2,bc7d80338e558589ef524d04ccf10873,two,2
1,2,5eb117d281151db2b76523778152f81d,two,2
1,2,f48fb0da9bb5266ddfbc9f3b96dce68b,two,2
1,2,b23313b0c8150f4c99758b694ec0cfdf,two,2
1,2,d0c425e16d9f32755710b9e5142f43c3,two,2
10,1,134ec158bcdd1a2e868cf823a76a7e9c,tiger,2
10,1,58f37899c02d0bb52f25368cecc352c5,tiger,2
10,1,b23313b0c8150f4c99758b694ec0cfdf,tiger,2
10,1,19c2d7b9ded0b515c030e3b36dd11909,dont_know,2
10,1,ac55e6442ec13faa5a616308add32e86,cant_answer,2
10,1,e497d3dd10cf2812b4b80671cff3e665,cant_answer,2
10,1,0800373747ab78796173416d3a5ac8e8,tiger,2
10,1,4553ff552fde0b279f147b9cc7f2a8f1,tiger,2
10,1,d2297ef62fb166b23254c294ca60cbab,tiger,2
10,1,f48fb0da9bb5266ddfbc9f3b96dce68b,tiger,2
10,1,dbb74898c9160f04a4b94916912f1d25,tiger,2
10,1,5eb117d281151db2b76523778152f81d,dont_know,2
10,1,0e02bad30b4fa81e489c2df323487f02,dont_know,2
10,1,d0c425e16d9f32755710b9e5142f43c3,dont_know,2
10,1,bc7d80338e558589ef524d04ccf10873,cant_answer,2
10,2,567e07672879e9cece03bcf4f470767f,tiger,1
10,2,daf6ee4395abb0c2ee84f42b55834d89,tiger,1
10,2,f1c50c4a21dd8490770f989814f3cd76,tiger,1
10,2,67f21f32053e765011b7a58ebda7c0ef,tiger,1
10,2,d35d3ed1ec1ec3452701139b5fbbed08,dont_know,1
10,2,3a349d5805754f5c920d5c011aa7ed2c,dont_know,1
10,2,a6cb8d31cdb7346438395858d0824bfa,cant_answer,1
10,2,f056225247041558665fe7aa578a40b0,tiger,1
10,2,880f21222ca0914d0b9f29de0e9cf92a,tiger,1
10,2,8d21ee40376569fc7e313cf00861df45,tiger,1
10,2,570260f06ffa49afb7bdc797a92fea1b,dont_know,1
101,100,134ec158bcdd1a2e868cf823a76a7e9c,madrid,2
101,100,67f21f32053e765011b7a58ebda7c0ef,madrid,1
101,100,19c2d7b9ded0b515c030e3b36dd11909,madrid,2
101,100,ac55e6442ec13faa5a616308add32e86,madrid,2
101,100,0800373747ab78796173416d3a5ac8e8,madrid,2
101,100,567e07672879e9cece03bcf4f470767f,madrid,1
101,100,f056225247041558665fe7aa578a40b0,madrid,1
101,100,d35d3ed1ec1ec3452701139b5fbbed08,madrid,1
101,100,4553ff552fde0b279f147b9cc7f2a8f1,madrid,2
101,100,a6cb8d31cdb7346438395858d0824bfa,madrid,1
101,100,bc7d80338e558589ef524d04ccf10873,madrid,2
101,100,3a349d5805754f5c920d5c011aa7ed2c,madrid,1
101,100,58f37899c02d0bb52f25368cecc352c5,madrid,2
101,100,daf6ee4395abb0c2ee84f42b55834d89,madrid,1
101,100,5eb117d281151db2b76523778152f81d,madrid,2
101,100,f1c50c4a21dd8490770f989814f3cd76,madrid,1
101,100,d2297ef62fb166b23254c294ca60cbab,madrid,2
101,100,880f21222ca0914d0b9f29de0e9cf92a,madrid,1
101,100,e497d3dd10cf2812b4b80671cff3e665,madrid,2
101,100,f48fb0da9bb5266ddfbc9f3b96dce68b,madrid,2
101,100,b23313b0c8150f4c99758b694ec0cfdf,madrid,2
101,100,0e02bad30b4fa81e489c2df323487f02,madrid,2
101,100,dbb74898c9160f04a4b94916912f1d25,madrid,2
101,100,d0c425e16d9f32755710b9e5142f43c3,madrid,2
101,100,570260f06ffa49afb7bdc797a92fea1b,Barcelona,1
101,100,8d21ee40376569fc7e313cf00861df45,Barcelona,1
102,100,ac55e6442ec13faa5a616308add32e86,scholz,2
102,100,67f21f32053e765011b7a58ebda7c0ef,scholz,1
102,100,567e07672879e9cece03bcf4f470767f,dont_know,1
102,100,134ec158bcdd1a2e868cf823a76a7e9c,dont_know,2
102,100,19c2d7b9ded0b515c030e3b36dd11909,dont_know,2
102,100,daf6ee4395abb0c2ee84f42b55834d89,dont_know,1
102,100,3a349d5805754f5c920d5c011aa7ed2c,cant_answer,1
102,100,570260f06ffa49afb7bdc797a92fea1b,scholz,1
102,100,f056225247041558665fe7aa578a40b0,scholz,1
102,100,d35d3ed1ec1ec3452701139b5fbbed08,scholz,1
102,100,b23313b0c8150f4c99758b694ec0cfdf,scholz,2
102,100,d0c425e16d9f32755710b9e5142f43c3,scholz,2
102,100,0800373747ab78796173416d3a5ac8e8,scholz,2
102,100,4553ff552fde0b279f147b9cc7f2a8f1,scholz,2
102,100,bc7d80338e558589ef524d04ccf10873,scholz,2
102,100,58f37899c02d0bb52f25368cecc352c5,scholz,2
102,100,5eb117d281151db2b76523778152f81d,scholz,2
102,100,d2297ef62fb166b23254c294ca60cbab,scholz,2
102,100,880f21222ca0914d0b9f29de0e9cf92a,scholz,1
102,100,f48fb0da9bb5266ddfbc9f3b96dce68b,scholz,2
102,100,0e02bad30b4fa81e489c2df323487f02,scholz,2
102,100,dbb74898c9160f04a4b94916912f1d25,scholz,2
102,100,f1c50c4a21dd8490770f989814f3cd76,scholz,1
102,100,a6cb8d31cdb7346438395858d0824bfa,scholz,1
102,100,e497d3dd10cf2812b4b80671cff3e665,scholz,2
102,100,8d21ee40376569fc7e313cf00861df45,dont_know,1
103,100,567e07672879e9cece03bcf4f470767f,usa,1
103,100,134ec158bcdd1a2e868cf823a76a7e9c,usa,2
103,100,67f21f32053e765011b7a58ebda7c0ef,usa,1
103,100,d2297ef62fb166b23254c294ca60cbab,usa,2
103,100,880f21222ca0914d0b9f29de0e9cf92a,usa,1
103,100,0e02bad30b4fa81e489c2df323487f02,usa,2
103,100,8d21ee40376569fc7e313cf00861df45,usa,1
103,100,570260f06ffa49afb7bdc797a92fea1b,usa,1
103,100,0800373747ab78796173416d3a5ac8e8,usa,2
103,100,f056225247041558665fe7aa578a40b0,usa,1
103,100,d35d3ed1ec1ec3452701139b5fbbed08,usa,1
103,100,4553ff552fde0b279f147b9cc7f2a8f1,usa,2
103,100,a6cb8d31cdb7346438395858d0824bfa,usa,1
103,100,bc7d80338e558589ef524d04ccf10873,usa,2
103,100,58f37899c02d0bb52f25368cecc352c5,usa,2
103,100,daf6ee4395abb0c2ee84f42b55834d89,usa,1
103,100,5eb117d281151db2b76523778152f81d,usa,2
103,100,f1c50c4a21dd8490770f989814f3cd76,usa,1
103,100,e497d3dd10cf2812b4b80671cff3e665,usa,2
103,100,f48fb0da9bb5266ddfbc9f3b96dce68b,usa,2
103,100,b23313b0c8150f4c99758b694ec0cfdf,usa,2
103,100,19c2d7b9ded0b515c030e3b36dd11909,usa,2
103,100,d0c425e16d9f32755710b9e5142f43c3,usa,2
103,100,ac55e6442ec13faa5a616308add32e86,usa,2
103,100,3a349d5805754f5c920d5c011aa7ed2c,usa,1
103,100,dbb74898c9160f04a4b94916912f1d25,usa,2
104,100,f1c50c4a21dd8490770f989814f3cd76,snake,1
104,100,f056225247041558665fe7aa578a40b0,platypus,1
104,100,daf6ee4395abb0c2ee84f42b55834d89,platypus,1
104,100,ac55e6442ec13faa5a616308add32e86,platypus,2
104,100,19c2d7b9ded0b515c030e3b36dd11909,kanguru,2
104,100,567e07672879e9cece03bcf4f470767f,dont_know,1
104,100,134ec158bcdd1a2e868cf823a76a7e9c,dont_know,2
104,100,67f21f32053e765011b7a58ebda7c0ef,dont_know,1
104,100,d35d3ed1ec1ec3452701139b5fbbed08,dont_know,1
104,100,a6cb8d31cdb7346438395858d0824bfa,dont_know,1
104,100,3a349d5805754f5c920d5c011aa7ed2c,dont_know,1
104,100,58f37899c02d0bb52f25368cecc352c5,dont_know,2
104,100,d2297ef62fb166b23254c294ca60cbab,dont_know,2
104,100,e497d3dd10cf2812b4b80671cff3e665,dont_know,2
104,100,b23313b0c8150f4c99758b694ec0cfdf,dont_know,2
104,100,4553ff552fde0b279f147b9cc7f2a8f1,cant_answer,2
104,100,0800373747ab78796173416d3a5ac8e8,platypus,2
104,100,880f21222ca0914d0b9f29de0e9cf92a,platypus,1
104,100,f48fb0da9bb5266ddfbc9f3b96dce68b,platypus,2
104,100,dbb74898c9160f04a4b94916912f1d25,platypus,2
104,100,570260f06ffa49afb7bdc797a92fea1b,Kangoroo,1
104,100,bc7d80338e558589ef524d04ccf10873,dont_know,2
104,100,0e02bad30b4fa81e489c2df323487f02,dont_know,2
104,100,8d21ee40376569fc7e313cf00861df45,dont_know,1
104,100,d0c425e16d9f32755710b9e5142f43c3,dont_know,2
104,100,5eb117d281151db2b76523778152f81d,Crocodile,2
105,100,567e07672879e9cece03bcf4f470767f,shakespeare,1
105,100,ac55e6442ec13faa5a616308add32e86,shakespeare,2
105,100,134ec158bcdd1a2e868cf823a76a7e9c,shakespeare,2
105,100,67f21f32053e765011b7a58ebda7c0ef,shakespeare,1
105,100,daf6ee4395abb0c2ee84f42b55834d89,cant_answer,1
105,100,880f21222ca0914d0b9f29de0e9cf92a,cant_answer,1
105,100,b23313b0c8150f4c99758b694ec0cfdf,cant_answer,2
105,100,0800373747ab78796173416d3a5ac8e8,shakespeare,2
105,100,a6cb8d31cdb7346438395858d0824bfa,shakespeare,1
105,100,d2297ef62fb166b23254c294ca60cbab,shakespeare,2
105,100,f48fb0da9bb5266ddfbc9f3b96dce68b,shakespeare,2
105,100,0e02bad30b4fa81e489c2df323487f02,shakespeare,2
105,100,dbb74898c9160f04a4b94916912f1d25,shakespeare,2
105,100,d35d3ed1ec1ec3452701139b5fbbed08,shakespeare,1
105,100,4553ff552fde0b279f147b9cc7f2a8f1,shakespeare,2
105,100,bc7d80338e558589ef524d04ccf10873,shakespeare,2
105,100,3a349d5805754f5c920d5c011aa7ed2c,shakespeare,1
105,100,58f37899c02d0bb52f25368cecc352c5,shakespeare,2
105,100,5eb117d281151db2b76523778152f81d,shakespeare,2
105,100,f1c50c4a21dd8490770f989814f3cd76,shakespeare,1
105,100,e497d3dd10cf2812b4b80671cff3e665,shakespeare,2
105,100,19c2d7b9ded0b515c030e3b36dd11909,shakespeare,2
105,100,8d21ee40376569fc7e313cf00861df45,shakespeare,1
105,100,d0c425e16d9f32755710b9e5142f43c3,shakespeare,2
105,100,570260f06ffa49afb7bdc797a92fea1b,shakespeare,1
105,100,f056225247041558665fe7aa578a40b0,shakespeare,1
106,100,d35d3ed1ec1ec3452701139b5fbbed08,dont_know,1
106,100,4553ff552fde0b279f147b9cc7f2a8f1,dont_know,2
106,100,d2297ef62fb166b23254c294ca60cbab,dont_know,2
106,100,b23313b0c8150f4c99758b694ec0cfdf,dont_know,2
106,100,567e07672879e9cece03bcf4f470767f,biology,1
106,100,134ec158bcdd1a2e868cf823a76a7e9c,biology,2
106,100,a6cb8d31cdb7346438395858d0824bfa,biology,1
106,100,3a349d5805754f5c920d5c011aa7ed2c,biology,1
106,100,daf6ee4395abb0c2ee84f42b55834d89,biology,1
106,100,67f21f32053e765011b7a58ebda7c0ef,biology,1
106,100,ac55e6442ec13faa5a616308add32e86,biology,2
106,100,8d21ee40376569fc7e313cf00861df45,dont_know,1
106,100,19c2d7b9ded0b515c030e3b36dd11909,biology,2
106,100,570260f06ffa49afb7bdc797a92fea1b,biology,1
106,100,0800373747ab78796173416d3a5ac8e8,biology,2
106,100,f056225247041558665fe7aa578a40b0,biology,1
106,100,bc7d80338e558589ef524d04ccf10873,biology,2
106,100,58f37899c02d0bb52f25368cecc352c5,biology,2
106,100,5eb117d281151db2b76523778152f81d,biology,2
106,100,f1c50c4a21dd8490770f989814f3cd76,biology,1
106,100,880f21222ca0914d0b9f29de0e9cf92a,biology,1
106,100,e497d3dd10cf2812b4b80671cff3e665,biology,2
106,100,f48fb0da9bb5266ddfbc9f3b96dce68b,biology,2
106,100,0e02bad30b4fa81e489c2df323487f02,biology,2
106,100,dbb74898c9160f04a4b94916912f1d25,biology,2
106,100,d0c425e16d9f32755710b9e5142f43c3,biology,2
107,100,134ec158bcdd1a2e868cf823a76a7e9c,everest,2
107,100,67f21f32053e765011b7a58ebda7c0ef,everest,1
107,100,ac55e6442ec13faa5a616308add32e86,everest,2
107,100,f056225247041558665fe7aa578a40b0,everest,1
107,100,567e07672879e9cece03bcf4f470767f,dont_know,1
107,100,f1c50c4a21dd8490770f989814f3cd76,everest,1
107,100,19c2d7b9ded0b515c030e3b36dd11909,dont_know,2
107,100,daf6ee4395abb0c2ee84f42b55834d89,dont_know,1
107,100,4553ff552fde0b279f147b9cc7f2a8f1,everest,2
107,100,bc7d80338e558589ef524d04ccf10873,everest,2
107,100,3a349d5805754f5c920d5c011aa7ed2c,everest,1
107,100,58f37899c02d0bb52f25368cecc352c5,everest,2
107,100,5eb117d281151db2b76523778152f81d,everest,2
107,100,d2297ef62fb166b23254c294ca60cbab,everest,2
107,100,880f21222ca0914d0b9f29de0e9cf92a,everest,1
107,100,f48fb0da9bb5266ddfbc9f3b96dce68b,everest,2
107,100,b23313b0c8150f4c99758b694ec0cfdf,everest,2
107,100,0e02bad30b4fa81e489c2df323487f02,everest,2
107,100,dbb74898c9160f04a4b94916912f1d25,everest,2
107,100,8d21ee40376569fc7e313cf00861df45,everest,1
107,100,570260f06ffa49afb7bdc797a92fea1b,everest,1
107,100,0800373747ab78796173416d3a5ac8e8,everest,2
107,100,d35d3ed1ec1ec3452701139b5fbbed08,everest,1
107,100,a6cb8d31cdb7346438395858d0824bfa,everest,1
107,100,e497d3dd10cf2812b4b80671cff3e665,everest,2
107,100,d0c425e16d9f32755710b9e5142f43c3,everest,2
108,100,134ec158bcdd1a2e868cf823a76a7e9c,printing,2
108,100,f1c50c4a21dd8490770f989814f3cd76,telegraph,1
108,100,d2297ef62fb166b23254c294ca60cbab,printing,2
108,100,ac55e6442ec13faa5a616308add32e86,printing,2
108,100,58f37899c02d0bb52f25368cecc352c5,printing,2
108,100,e497d3dd10cf2812b4b80671cff3e665,printing,2
108,100,8d21ee40376569fc7e313cf00861df45,printing,1
108,100,f056225247041558665fe7aa578a40b0,printing,1
108,100,567e07672879e9cece03bcf4f470767f,printing,1
108,100,0800373747ab78796173416d3a5ac8e8,printing,2
108,100,3a349d5805754f5c920d5c011aa7ed2c,printing,1
108,100,d35d3ed1ec1ec3452701139b5fbbed08,dont_know,1
108,100,daf6ee4395abb0c2ee84f42b55834d89,dont_know,1
108,100,67f21f32053e765011b7a58ebda7c0ef,dont_know,1
108,100,19c2d7b9ded0b515c030e3b36dd11909,dont_know,2
108,100,a6cb8d31cdb7346438395858d0824bfa,printing,1
108,100,b23313b0c8150f4c99758b694ec0cfdf,printing,2
108,100,570260f06ffa49afb7bdc797a92fea1b,Typing machine,1
108,100,880f21222ca0914d0b9f29de0e9cf92a,printing,1
108,100,4553ff552fde0b279f147b9cc7f2a8f1,printing,2
108,100,bc7d80338e558589ef524d04ccf10873,printing,2
108,100,d0c425e16d9f32755710b9e5142f43c3,printing,2
108,100,f48fb0da9bb5266ddfbc9f3b96dce68b,printing,2
108,100,dbb74898c9160f04a4b94916912f1d25,dont_know,2
108,100,0e02bad30b4fa81e489c2df323487f02,dont_know,2
108,100,5eb117d281151db2b76523778152f81d,printing,2
109,100,134ec158bcdd1a2e868cf823a76a7e9c,valentines,2
109,100,67f21f32053e765011b7a58ebda7c0ef,valentines,1
109,100,daf6ee4395abb0c2ee84f42b55834d89,valentines,1
109,100,19c2d7b9ded0b515c030e3b36dd11909,valentines,2
109,100,567e07672879e9cece03bcf4f470767f,cant_answer,1
109,100,ac55e6442ec13faa5a616308add32e86,dont_know,2
109,100,0800373747ab78796173416d3a5ac8e8,valentines,2
109,100,4553ff552fde0b279f147b9cc7f2a8f1,valentines,2
109,100,bc7d80338e558589ef524d04ccf10873,valentines,2
109,100,0e02bad30b4fa81e489c2df323487f02,valentines,2
109,100,e497d3dd10cf2812b4b80671cff3e665,valentines,2
109,100,b23313b0c8150f4c99758b694ec0cfdf,valentines,2
109,100,d35d3ed1ec1ec3452701139b5fbbed08,valentines,1
109,100,3a349d5805754f5c920d5c011aa7ed2c,valentines,1
109,100,880f21222ca0914d0b9f29de0e9cf92a,valentines,1
109,100,dbb74898c9160f04a4b94916912f1d25,valentines,2
109,100,f056225247041558665fe7aa578a40b0,valentines,1
109,100,5eb117d281151db2b76523778152f81d,valentines,2
109,100,d2297ef62fb166b23254c294ca60cbab,valentines,2
109,100,f48fb0da9bb5266ddfbc9f3b96dce68b,valentines,2
109,100,f1c50c4a21dd8490770f989814f3cd76,valentines,1
109,100,a6cb8d31cdb7346438395858d0824bfa,valentines,1
109,100,58f37899c02d0bb52f25368cecc352c5,valentines,2
109,100,d0c425e16d9f32755710b9e5142f43c3,disney,2
109,100,570260f06ffa49afb7bdc797a92fea1b,valentines,1
109,100,8d21ee40376569fc7e313cf00861df45,cant_answer,1
11,1,567e07672879e9cece03bcf4f470767f,dont_know,1
11,1,67f21f32053e765011b7a58ebda7c0ef,greek,1
11,1,f1c50c4a21dd8490770f989814f3cd76,greek,1
11,1,3a349d5805754f5c920d5c011aa7ed2c,dont_know,1
11,1,f056225247041558665fe7aa578a40b0,cant_answer,1
11,1,d35d3ed1ec1ec3452701139b5fbbed08,cant_answer,1
11,1,a6cb8d31cdb7346438395858d0824bfa,cant_answer,1
11,1,daf6ee4395abb0c2ee84f42b55834d89,cant_answer,1
11,1,880f21222ca0914d0b9f29de0e9cf92a,cant_answer,1
11,1,8d21ee40376569fc7e313cf00861df45,greek,1
11,1,570260f06ffa49afb7bdc797a92fea1b,cant_answer,1
11,2,134ec158bcdd1a2e868cf823a76a7e9c,greek,2
11,2,b23313b0c8150f4c99758b694ec0cfdf,greek,2
11,2,ac55e6442ec13faa5a616308add32e86,greek,2
11,2,d2297ef62fb166b23254c294ca60cbab,greek,2
11,2,4553ff552fde0b279f147b9cc7f2a8f1,greek,2
11,2,f48fb0da9bb5266ddfbc9f3b96dce68b,greek,2
11,2,dbb74898c9160f04a4b94916912f1d25,greek,2
11,2,0800373747ab78796173416d3a5ac8e8,greek,2
11,2,bc7d80338e558589ef524d04ccf10873,greek,2
11,2,58f37899c02d0bb52f25368cecc352c5,greek,2
11,2,5eb117d281151db2b76523778152f81d,greek,2
11,2,e497d3dd10cf2812b4b80671cff3e665,greek,2
11,2,19c2d7b9ded0b515c030e3b36dd11909,greek,2
11,2,0e02bad30b4fa81e489c2df323487f02,greek,2
11,2,d0c425e16d9f32755710b9e5142f43c3,greek,2
110,100,134ec158bcdd1a2e868cf823a76a7e9c,quasimodo,2
110,100,880f21222ca0914d0b9f29de0e9cf92a,quasimodo,1
110,100,567e07672879e9cece03bcf4f470767f,quasimodo,1
110,100,ac55e6442ec13faa5a616308add32e86,quasimodo,2
110,100,f1c50c4a21dd8490770f989814f3cd76,dont_know,1
110,100,0800373747ab78796173416d3a5ac8e8,dont_know,2
110,100,a6cb8d31cdb7346438395858d0824bfa,dont_know,1
110,100,3a349d5805754f5c920d5c011aa7ed2c,dont_know,1
110,100,daf6ee4395abb0c2ee84f42b55834d89,dont_know,1
110,100,d2297ef62fb166b23254c294ca60cbab,dont_know,2
110,100,b23313b0c8150f4c99758b694ec0cfdf,dont_know,2
110,100,67f21f32053e765011b7a58ebda7c0ef,dont_know,1
110,100,19c2d7b9ded0b515c030e3b36dd11909,dont_know,2
110,100,f056225247041558665fe7aa578a40b0,quasimodo,1
110,100,d35d3ed1ec1ec3452701139b5fbbed08,quasimodo,1
110,100,4553ff552fde0b279f147b9cc7f2a8f1,quasimodo,2
110,100,bc7d80338e558589ef524d04ccf10873,quasimodo,2
110,100,58f37899c02d0bb52f25368cecc352c5,quasimodo,2
110,100,e497d3dd10cf2812b4b80671cff3e665,quasimodo,2
110,100,dbb74898c9160f04a4b94916912f1d25,quasimodo,2
110,100,570260f06ffa49afb7bdc797a92fea1b,dont_know,1
110,100,5eb117d281151db2b76523778152f81d,dont_know,2
110,100,8d21ee40376569fc7e313cf00861df45,dont_know,1
110,100,d0c425e16d9f32755710b9e5142f43c3,dont_know,2
110,100,0e02bad30b4fa81e489c2df323487f02,dont_know,2
110,100,f48fb0da9bb5266ddfbc9f3b96dce68b,cant_answer,2
111,100,134ec158bcdd1a2e868cf823a76a7e9c,olympics,2
111,100,67f21f32053e765011b7a58ebda7c0ef,olympics,1
111,100,f1c50c4a21dd8490770f989814f3cd76,olympics,1
111,100,3a349d5805754f5c920d5c011aa7ed2c,dont_know,1
111,100,daf6ee4395abb0c2ee84f42b55834d89,cant_answer,1
111,100,567e07672879e9cece03bcf4f470767f,olympics,1
111,100,f48fb0da9bb5266ddfbc9f3b96dce68b,olympics,2
111,100,0800373747ab78796173416d3a5ac8e8,olympics,2
111,100,d35d3ed1ec1ec3452701139b5fbbed08,olympics,1
111,100,4553ff552fde0b279f147b9cc7f2a8f1,olympics,2
111,100,a6cb8d31cdb7346438395858d0824bfa,olympics,1
111,100,d2297ef62fb166b23254c294ca60cbab,olympics,2
111,100,e497d3dd10cf2812b4b80671cff3e665,olympics,2
111,100,b23313b0c8150f4c99758b694ec0cfdf,olympics,2
111,100,0e02bad30b4fa81e489c2df323487f02,olympics,2
111,100,dbb74898c9160f04a4b94916912f1d25,olympics,2
111,100,d0c425e16d9f32755710b9e5142f43c3,olympics,2
111,100,ac55e6442ec13faa5a616308add32e86,olympics,2
111,100,570260f06ffa49afb7bdc797a92fea1b,olympics,1
111,100,f056225247041558665fe7aa578a40b0,olympics,1
111,100,bc7d80338e558589ef524d04ccf10873,olympics,2
111,100,880f21222ca0914d0b9f29de0e9cf92a,olympics,1
111,100,58f37899c02d0bb52f25368cecc352c5,olympics,2
111,100,5eb117d281151db2b76523778152f81d,olympics,2
111,100,19c2d7b9ded0b515c030e3b36dd11909,olympics,2
111,100,8d21ee40376569fc7e313cf00861df45,dont_know,1
112,100,f1c50c4a21dd8490770f989814f3cd76,dont_know,1
112,100,567e07672879e9cece03bcf4f470767f,dont_know,1
112,100,134ec158bcdd1a2e868cf823a76a7e9c,dont_know,2
112,100,ac55e6442ec13faa5a616308add32e86,dont_know,2
112,100,f056225247041558665fe7aa578a40b0,dont_know,1
112,100,d35d3ed1ec1ec3452701139b5fbbed08,dont_know,1
112,100,4553ff552fde0b279f147b9cc7f2a8f1,dont_know,2
112,100,a6cb8d31cdb7346438395858d0824bfa,dont_know,1
112,100,daf6ee4395abb0c2ee84f42b55834d89,dont_know,1
112,100,d2297ef62fb166b23254c294ca60cbab,dont_know,2
112,100,e497d3dd10cf2812b4b80671cff3e665,dont_know,2
112,100,b23313b0c8150f4c99758b694ec0cfdf,dont_know,2
112,100,0800373747ab78796173416d3a5ac8e8,dont_know,2
112,100,67f21f32053e765011b7a58ebda7c0ef,al nassr,1
112,100,58f37899c02d0bb52f25368cecc352c5,Saudi Arabia,2
112,100,19c2d7b9ded0b515c030e3b36dd11909,Portugal,2
112,100,bc7d80338e558589ef524d04ccf10873,Manchester United und Portugiesische Nationalmannschaft,2
112,100,3a349d5805754f5c920d5c011aa7ed2c,madrid,1
112,100,880f21222ca0914d0b9f29de0e9cf92a,Juventus Turin,1
112,100,5eb117d281151db2b76523778152f81d,dont_know,2
112,100,dbb74898c9160f04a4b94916912f1d25,dont_know,2
112,100,8d21ee40376569fc7e313cf00861df45,dont_know,1
112,100,f48fb0da9bb5266ddfbc9f3b96dce68b,cant_answer,2
112,100,0e02bad30b4fa81e489c2df323487f02,alnassr,2
112,100,570260f06ffa49afb7bdc797a92fea1b,Al Nassar,1
112,100,d0c425e16d9f32755710b9e5142f43c3,Al Hilal,2
113,100,134ec158bcdd1a2e868cf823a76a7e9c,sagrada,2
113,100,567e07672879e9cece03bcf4f470767f,sagrada,1
113,100,67f21f32053e765011b7a58ebda7c0ef,sagrada,1
113,100,ac55e6442ec13faa5a616308add32e86,dont_know,2
113,100,0800373747ab78796173416d3a5ac8e8,dont_know,2
113,100,f056225247041558665fe7aa578a40b0,dont_know,1
113,100,d35d3ed1ec1ec3452701139b5fbbed08,dont_know,1
113,100,4553ff552fde0b279f147b9cc7f2a8f1,dont_know,2
113,100,3a349d5805754f5c920d5c011aa7ed2c,dont_know,1
113,100,daf6ee4395abb0c2ee84f42b55834d89,dont_know,1
113,100,d2297ef62fb166b23254c294ca60cbab,dont_know,2
113,100,b23313b0c8150f4c99758b694ec0cfdf,dont_know,2
113,100,a6cb8d31cdb7346438395858d0824bfa,sagrada,1
113,100,5eb117d281151db2b76523778152f81d,sagrada,2
113,100,570260f06ffa49afb7bdc797a92fea1b,sagrada,1
113,100,58f37899c02d0bb52f25368cecc352c5,sagrada,2
113,100,880f21222ca0914d0b9f29de0e9cf92a,sagrada,1
113,100,e497d3dd10cf2812b4b80671cff3e665,sagrada,2
113,100,19c2d7b9ded0b515c030e3b36dd11909,sagrada,2
113,100,bc7d80338e558589ef524d04ccf10873,sagrada,2
113,100,f1c50c4a21dd8490770f989814f3cd76,dont_know,1
113,100,0e02bad30b4fa81e489c2df323487f02,dont_know,2
113,100,dbb74898c9160f04a4b94916912f1d25,dont_know,2
113,100,8d21ee40376569fc7e313cf00861df45,dont_know,1
113,100,d0c425e16d9f32755710b9e5142f43c3,dont_know,2
113,100,f48fb0da9bb5266ddfbc9f3b96dce68b,cant_answer,2
114,100,567e07672879e9cece03bcf4f470767f,turkiye,1
114,100,134ec158bcdd1a2e868cf823a76a7e9c,turkiye,2
114,100,f1c50c4a21dd8490770f989814f3cd76,turkiye,1
114,100,b23313b0c8150f4c99758b694ec0cfdf,turkiye,2
114,100,67f21f32053e765011b7a58ebda7c0ef,turkiye,1
114,100,ac55e6442ec13faa5a616308add32e86,turkiye,2
114,100,daf6ee4395abb0c2ee84f42b55834d89,dont_know,1
114,100,0800373747ab78796173416d3a5ac8e8,turkiye,2
114,100,a6cb8d31cdb7346438395858d0824bfa,turkiye,1
114,100,bc7d80338e558589ef524d04ccf10873,turkiye,2
114,100,880f21222ca0914d0b9f29de0e9cf92a,turkiye,1
114,100,570260f06ffa49afb7bdc797a92fea1b,turkiye,1
114,100,f056225247041558665fe7aa578a40b0,turkiye,1
114,100,d35d3ed1ec1ec3452701139b5fbbed08,turkiye,1
114,100,4553ff552fde0b279f147b9cc7f2a8f1,turkiye,2
114,100,3a349d5805754f5c920d5c011aa7ed2c,turkiye,1
114,100,58f37899c02d0bb52f25368cecc352c5,turkiye,2
114,100,5eb117d281151db2b76523778152f81d,turkiye,2
114,100,d2297ef62fb166b23254c294ca60cbab,turkiye,2
114,100,e497d3dd10cf2812b4b80671cff3e665,turkiye,2
114,100,f48fb0da9bb5266ddfbc9f3b96dce68b,turkiye,2
114,100,19c2d7b9ded0b515c030e3b36dd11909,turkiye,2
114,100,0e02bad30b4fa81e489c2df323487f02,turkiye,2
114,100,8d21ee40376569fc7e313cf00861df45,turkiye,1
114,100,d0c425e16d9f32755710b9e5142f43c3,turkiye,2
114,100,dbb74898c9160f04a4b94916912f1d25,dont_know,2
115,100,567e07672879e9cece03bcf4f470767f,cant_answer,1
115,100,ac55e6442ec13faa5a616308add32e86,dont_know,2
115,100,f056225247041558665fe7aa578a40b0,dont_know,1
115,100,d35d3ed1ec1ec3452701139b5fbbed08,dont_know,1
115,100,a6cb8d31cdb7346438395858d0824bfa,dont_know,1
115,100,3a349d5805754f5c920d5c011aa7ed2c,dont_know,1
115,100,daf6ee4395abb0c2ee84f42b55834d89,dont_know,1
115,100,d2297ef62fb166b23254c294ca60cbab,dont_know,2
115,100,e497d3dd10cf2812b4b80671cff3e665,dont_know,2
115,100,b23313b0c8150f4c99758b694ec0cfdf,dont_know,2
115,100,5eb117d281151db2b76523778152f81d,dont_know,2
115,100,bc7d80338e558589ef524d04ccf10873,dont_know,2
115,100,8d21ee40376569fc7e313cf00861df45,dont_know,1
115,100,f48fb0da9bb5266ddfbc9f3b96dce68b,cant_answer,2
115,100,19c2d7b9ded0b515c030e3b36dd11909,90,2
115,100,570260f06ffa49afb7bdc797a92fea1b,46,1
115,100,0800373747ab78796173416d3a5ac8e8,168,2
115,100,67f21f32053e765011b7a58ebda7c0ef,128,1
115,100,d0c425e16d9f32755710b9e5142f43c3,123,2
115,100,f1c50c4a21dd8490770f989814f3cd76,118,1
115,100,4553ff552fde0b279f147b9cc7f2a8f1,118,2
115,100,58f37899c02d0bb52f25368cecc352c5,118,2
115,100,880f21222ca0914d0b9f29de0e9cf92a,118,1
115,100,0e02bad30b4fa81e489c2df323487f02,118,2
115,100,dbb74898c9160f04a4b94916912f1d25,118,2
115,100,134ec158bcdd1a2e868cf823a76a7e9c,105,2
116,100,567e07672879e9cece03bcf4f470767f,dont_know,1
116,100,ac55e6442ec13faa5a616308add32e86,greta,2
116,100,134ec158bcdd1a2e868cf823a76a7e9c,greta,2
116,100,b23313b0c8150f4c99758b694ec0cfdf,greta,2
116,100,a6cb8d31cdb7346438395858d0824bfa,dont_know,1
116,100,daf6ee4395abb0c2ee84f42b55834d89,dont_know,1
116,100,570260f06ffa49afb7bdc797a92fea1b,dont_know,1
116,100,f1c50c4a21dd8490770f989814f3cd76,greta,1
116,100,bc7d80338e558589ef524d04ccf10873,greta,2
116,100,0800373747ab78796173416d3a5ac8e8,greta,2
116,100,f056225247041558665fe7aa578a40b0,greta,1
116,100,d35d3ed1ec1ec3452701139b5fbbed08,greta,1
116,100,4553ff552fde0b279f147b9cc7f2a8f1,greta,2
116,100,3a349d5805754f5c920d5c011aa7ed2c,greta,1
116,100,58f37899c02d0bb52f25368cecc352c5,greta,2
116,100,5eb117d281151db2b76523778152f81d,greta,2
116,100,d2297ef62fb166b23254c294ca60cbab,greta,2
116,100,880f21222ca0914d0b9f29de0e9cf92a,greta,1
116,100,f48fb0da9bb5266ddfbc9f3b96dce68b,greta,2
116,100,67f21f32053e765011b7a58ebda7c0ef,greta,1
116,100,dbb74898c9160f04a4b94916912f1d25,greta,2
116,100,e497d3dd10cf2812b4b80671cff3e665,greta,2
116,100,19c2d7b9ded0b515c030e3b36dd11909,greta,2
116,100,d0c425e16d9f32755710b9e5142f43c3,greta,2
116,100,0e02bad30b4fa81e489c2df323487f02,dont_know,2
116,100,8d21ee40376569fc7e313cf00861df45,dont_know,1
117,101,134ec158bcdd1a2e868cf823a76a7e9c,cant_answer,2
117,101,567e07672879e9cece03bcf4f470767f,dont_know,1
117,101,3a349d5805754f5c920d5c011aa7ed2c,dont_know,1
117,101,ac55e6442ec13faa5a616308add32e86,cant_answer,2
117,101,570260f06ffa49afb7bdc797a92fea1b,cant_answer,1
117,101,d35d3ed1ec1ec3452701139b5fbbed08,cant_answer,1
117,101,4553ff552fde0b279f147b9cc7f2a8f1,cant_answer,2
117,101,a6cb8d31cdb7346438395858d0824bfa,cant_answer,1
117,101,58f37899c02d0bb52f25368cecc352c5,cant_answer,2
117,101,daf6ee4395abb0c2ee84f42b55834d89,cant_answer,1
117,101,d2297ef62fb166b23254c294ca60cbab,cant_answer,2
117,101,880f21222ca0914d0b9f29de0e9cf92a,cant_answer,1
117,101,e497d3dd10cf2812b4b80671cff3e665,cant_answer,2
117,101,b23313b0c8150f4c99758b694ec0cfdf,cant_answer,2
117,101,67f21f32053e765011b7a58ebda7c0ef,cant_answer,1
117,101,f1c50c4a21dd8490770f989814f3cd76,africa,1
117,101,19c2d7b9ded0b515c030e3b36dd11909,Oceania,2
117,101,5eb117d281151db2b76523778152f81d,disney,2
117,101,dbb74898c9160f04a4b94916912f1d25,cant_answer,2
117,101,0800373747ab78796173416d3a5ac8e8,cant_answer,2
117,101,bc7d80338e558589ef524d04ccf10873,cant_answer,2
117,101,f48fb0da9bb5266ddfbc9f3b96dce68b,cant_answer,2
117,101,8d21ee40376569fc7e313cf00861df45,cant_answer,1
117,101,0e02bad30b4fa81e489c2df323487f02,cant_answer,2
117,101,f056225247041558665fe7aa578a40b0,Asia,1
117,101,d0c425e16d9f32755710b9e5142f43c3,Africa,2
118,101,134ec158bcdd1a2e868cf823a76a7e9c,cant_answer,2
118,101,567e07672879e9cece03bcf4f470767f,dont_know,1
118,101,f1c50c4a21dd8490770f989814f3cd76,during the middle ages??,1
118,101,f056225247041558665fe7aa578a40b0,dont_know,1
118,101,ac55e6442ec13faa5a616308add32e86,cant_answer,2
118,101,0800373747ab78796173416d3a5ac8e8,cant_answer,2
118,101,d35d3ed1ec1ec3452701139b5fbbed08,cant_answer,1
118,101,4553ff552fde0b279f147b9cc7f2a8f1,cant_answer,2
118,101,a6cb8d31cdb7346438395858d0824bfa,cant_answer,1
118,101,3a349d5805754f5c920d5c011aa7ed2c,cant_answer,1
118,101,58f37899c02d0bb52f25368cecc352c5,cant_answer,2
118,101,daf6ee4395abb0c2ee84f42b55834d89,cant_answer,1
118,101,d2297ef62fb166b23254c294ca60cbab,cant_answer,2
118,101,880f21222ca0914d0b9f29de0e9cf92a,cant_answer,1
118,101,e497d3dd10cf2812b4b80671cff3e665,cant_answer,2
118,101,b23313b0c8150f4c99758b694ec0cfdf,cant_answer,2
118,101,0e02bad30b4fa81e489c2df323487f02,Sputnik 1,2
118,101,67f21f32053e765011b7a58ebda7c0ef,Sputnik,1
118,101,19c2d7b9ded0b515c030e3b36dd11909,Sputnik,2
118,101,5eb117d281151db2b76523778152f81d,disney,2
118,101,d0c425e16d9f32755710b9e5142f43c3,disney,2
118,101,570260f06ffa49afb7bdc797a92fea1b,dont_know,1
118,101,dbb74898c9160f04a4b94916912f1d25,dont_know,2
118,101,bc7d80338e558589ef524d04ccf10873,cant_answer,2
118,101,f48fb0da9bb5266ddfbc9f3b96dce68b,cant_answer,2
118,101,8d21ee40376569fc7e313cf00861df45,Aryabhatta,1
119,101,f056225247041558665fe7aa578a40b0,disney,1
119,101,f1c50c4a21dd8490770f989814f3cd76,dont_know,1
119,101,134ec158bcdd1a2e868cf823a76a7e9c,cant_answer,2
119,101,567e07672879e9cece03bcf4f470767f,dont_know,1
119,101,19c2d7b9ded0b515c030e3b36dd11909,dont_know,2
119,101,ac55e6442ec13faa5a616308add32e86,cant_answer,2
119,101,570260f06ffa49afb7bdc797a92fea1b,cant_answer,1
119,101,0800373747ab78796173416d3a5ac8e8,cant_answer,2
119,101,d35d3ed1ec1ec3452701139b5fbbed08,cant_answer,1
119,101,4553ff552fde0b279f147b9cc7f2a8f1,cant_answer,2
119,101,a6cb8d31cdb7346438395858d0824bfa,cant_answer,1
119,101,3a349d5805754f5c920d5c011aa7ed2c,cant_answer,1
119,101,58f37899c02d0bb52f25368cecc352c5,cant_answer,2
119,101,daf6ee4395abb0c2ee84f42b55834d89,cant_answer,1
119,101,d2297ef62fb166b23254c294ca60cbab,cant_answer,2
119,101,880f21222ca0914d0b9f29de0e9cf92a,cant_answer,1
119,101,e497d3dd10cf2812b4b80671cff3e665,cant_answer,2
119,101,b23313b0c8150f4c99758b694ec0cfdf,cant_answer,2
119,101,67f21f32053e765011b7a58ebda7c0ef,cant_answer,1
119,101,5eb117d281151db2b76523778152f81d,disney,2
119,101,d0c425e16d9f32755710b9e5142f43c3,disney,2
119,101,bc7d80338e558589ef524d04ccf10873,cant_answer,2
119,101,f48fb0da9bb5266ddfbc9f3b96dce68b,cant_answer,2
119,101,0e02bad30b4fa81e489c2df323487f02,cant_answer,2
119,101,dbb74898c9160f04a4b94916912f1d25,cant_answer,2
119,101,8d21ee40376569fc7e313cf00861df45,cant_answer,1
12,1,134ec158bcdd1a2e868cf823a76a7e9c,santa,2
12,1,b23313b0c8150f4c99758b694ec0cfdf,santa,2
12,1,ac55e6442ec13faa5a616308add32e86,cant_answer,2
12,1,58f37899c02d0bb52f25368cecc352c5,cant_answer,2
12,1,e497d3dd10cf2812b4b80671cff3e665,cant_answer,2
12,1,4553ff552fde0b279f147b9cc7f2a8f1,santa,2
12,1,5eb117d281151db2b76523778152f81d,santa,2
12,1,d2297ef62fb166b23254c294ca60cbab,santa,2
12,1,f48fb0da9bb5266ddfbc9f3b96dce68b,santa,2
12,1,19c2d7b9ded0b515c030e3b36dd11909,santa,2
12,1,0e02bad30b4fa81e489c2df323487f02,santa,2
12,1,dbb74898c9160f04a4b94916912f1d25,santa,2
12,1,0800373747ab78796173416d3a5ac8e8,santa,2
12,1,d0c425e16d9f32755710b9e5142f43c3,santa,2
12,1,bc7d80338e558589ef524d04ccf10873,cant_answer,2
12,2,567e07672879e9cece03bcf4f470767f,cant_answer,1
12,2,67f21f32053e765011b7a58ebda7c0ef,santa,1
12,2,daf6ee4395abb0c2ee84f42b55834d89,cant_answer,1
12,2,f1c50c4a21dd8490770f989814f3cd76,santa,1
12,2,570260f06ffa49afb7bdc797a92fea1b,santa,1
12,2,f056225247041558665fe7aa578a40b0,santa,1
12,2,a6cb8d31cdb7346438395858d0824bfa,santa,1
12,2,3a349d5805754f5c920d5c011aa7ed2c,santa,1
12,2,8d21ee40376569fc7e313cf00861df45,santa,1
12,2,d35d3ed1ec1ec3452701139b5fbbed08,santa,1
12,2,880f21222ca0914d0b9f29de0e9cf92a,santa,1
120,101,f1c50c4a21dd8490770f989814f3cd76,dont_know,1
120,101,134ec158bcdd1a2e868cf823a76a7e9c,cant_answer,2
120,101,567e07672879e9cece03bcf4f470767f,dont_know,1
120,101,0800373747ab78796173416d3a5ac8e8,dont_know,2
120,101,f056225247041558665fe7aa578a40b0,dont_know,1
120,101,ac55e6442ec13faa5a616308add32e86,cant_answer,2
120,101,570260f06ffa49afb7bdc797a92fea1b,cant_answer,1
120,101,d35d3ed1ec1ec3452701139b5fbbed08,cant_answer,1
120,101,a6cb8d31cdb7346438395858d0824bfa,cant_answer,1
120,101,3a349d5805754f5c920d5c011aa7ed2c,cant_answer,1
120,101,58f37899c02d0bb52f25368cecc352c5,cant_answer,2
120,101,daf6ee4395abb0c2ee84f42b55834d89,cant_answer,1
120,101,d2297ef62fb166b23254c294ca60cbab,cant_answer,2
120,101,880f21222ca0914d0b9f29de0e9cf92a,cant_answer,1
120,101,e497d3dd10cf2812b4b80671cff3e665,cant_answer,2
120,101,b23313b0c8150f4c99758b694ec0cfdf,cant_answer,2
120,101,67f21f32053e765011b7a58ebda7c0ef,cant_answer,1
120,101,19c2d7b9ded0b515c030e3b36dd11909,Sweeden,2
120,101,4553ff552fde0b279f147b9cc7f2a8f1,Sweden?,2
120,101,5eb117d281151db2b76523778152f81d,disney,2
120,101,dbb74898c9160f04a4b94916912f1d25,dont_know,2
120,101,8d21ee40376569fc7e313cf00861df45,dont_know,1
120,101,d0c425e16d9f32755710b9e5142f43c3,dont_know,2
120,101,0e02bad30b4fa81e489c2df323487f02,dont_know,2
120,101,bc7d80338e558589ef524d04ccf10873,cant_answer,2
120,101,f48fb0da9bb5266ddfbc9f3b96dce68b,cant_answer,2
121,101,134ec158bcdd1a2e868cf823a76a7e9c,cant_answer,2
121,101,567e07672879e9cece03bcf4f470767f,dont_know,1
121,101,ac55e6442ec13faa5a616308add32e86,cant_answer,2
121,101,e497d3dd10cf2812b4b80671cff3e665,cant_answer,2
121,101,570260f06ffa49afb7bdc797a92fea1b,cant_answer,1
121,101,0800373747ab78796173416d3a5ac8e8,cant_answer,2
121,101,f056225247041558665fe7aa578a40b0,cant_answer,1
121,101,d35d3ed1ec1ec3452701139b5fbbed08,cant_answer,1
121,101,4553ff552fde0b279f147b9cc7f2a8f1,cant_answer,2
121,101,a6cb8d31cdb7346438395858d0824bfa,cant_answer,1
121,101,3a349d5805754f5c920d5c011aa7ed2c,cant_answer,1
121,101,58f37899c02d0bb52f25368cecc352c5,cant_answer,2
121,101,daf6ee4395abb0c2ee84f42b55834d89,cant_answer,1
121,101,d2297ef62fb166b23254c294ca60cbab,cant_answer,2
121,101,880f21222ca0914d0b9f29de0e9cf92a,cant_answer,1
121,101,b23313b0c8150f4c99758b694ec0cfdf,cant_answer,2
121,101,67f21f32053e765011b7a58ebda7c0ef,cant_answer,1
121,101,19c2d7b9ded0b515c030e3b36dd11909,Peru,2
121,101,d0c425e16d9f32755710b9e5142f43c3,nobel,2
121,101,5eb117d281151db2b76523778152f81d,dont_know,2
121,101,8d21ee40376569fc7e313cf00861df45,dont_know,1
121,101,bc7d80338e558589ef524d04ccf10873,cant_answer,2
121,101,f48fb0da9bb5266ddfbc9f3b96dce68b,cant_answer,2
121,101,dbb74898c9160f04a4b94916912f1d25,cant_answer,2
121,101,0e02bad30b4fa81e489c2df323487f02,cant_answer,2
121,101,f1c50c4a21dd8490770f989814f3cd76,(really?),1
122,101,f056225247041558665fe7aa578a40b0,disney,1
122,101,f1c50c4a21dd8490770f989814f3cd76,dont_know,1
122,101,134ec158bcdd1a2e868cf823a76a7e9c,cant_answer,2
122,101,567e07672879e9cece03bcf4f470767f,dont_know,1
122,101,19c2d7b9ded0b515c030e3b36dd11909,dont_know,2
122,101,b23313b0c8150f4c99758b694ec0cfdf,dont_know,2
122,101,ac55e6442ec13faa5a616308add32e86,cant_answer,2
122,101,d35d3ed1ec1ec3452701139b5fbbed08,cant_answer,1
122,101,4553ff552fde0b279f147b9cc7f2a8f1,cant_answer,2
122,101,a6cb8d31cdb7346438395858d0824bfa,cant_answer,1
122,101,3a349d5805754f5c920d5c011aa7ed2c,cant_answer,1
122,101,58f37899c02d0bb52f25368cecc352c5,cant_answer,2
122,101,daf6ee4395abb0c2ee84f42b55834d89,cant_answer,1
122,101,d2297ef62fb166b23254c294ca60cbab,cant_answer,2
122,101,880f21222ca0914d0b9f29de0e9cf92a,cant_answer,1
122,101,e497d3dd10cf2812b4b80671cff3e665,cant_answer,2
122,101,0800373747ab78796173416d3a5ac8e8,disney,2
122,101,5eb117d281151db2b76523778152f81d,disney,2
122,101,d0c425e16d9f32755710b9e5142f43c3,disney,2
122,101,570260f06ffa49afb7bdc797a92fea1b,cant_answer,1
122,101,bc7d80338e558589ef524d04ccf10873,cant_answer,2
122,101,f48fb0da9bb5266ddfbc9f3b96dce68b,cant_answer,2
122,101,67f21f32053e765011b7a58ebda7c0ef,cant_answer,1
122,101,dbb74898c9160f04a4b94916912f1d25,cant_answer,2
122,101,8d21ee40376569fc7e313cf00861df45,cant_answer,1
122,101,0e02bad30b4fa81e489c2df323487f02,cant_answer,2
13,1,d35d3ed1ec1ec3452701139b5fbbed08,squirrel,1
13,1,67f21f32053e765011b7a58ebda7c0ef,squirrel,1
13,1,567e07672879e9cece03bcf4f470767f,squirrel,1
13,1,f1c50c4a21dd8490770f989814f3cd76,dont_know,1
13,1,3a349d5805754f5c920d5c011aa7ed2c,dont_know,1
13,1,daf6ee4395abb0c2ee84f42b55834d89,dont_know,1
13,1,a6cb8d31cdb7346438395858d0824bfa,cant_answer,1
13,1,f056225247041558665fe7aa578a40b0,squirrel,1
13,1,880f21222ca0914d0b9f29de0e9cf92a,squirrel,1
13,1,570260f06ffa49afb7bdc797a92fea1b,dont_know,1
13,1,8d21ee40376569fc7e313cf00861df45,dont_know,1
13,2,ac55e6442ec13faa5a616308add32e86,squirrel,2
13,2,0800373747ab78796173416d3a5ac8e8,squirrel,2
13,2,134ec158bcdd1a2e868cf823a76a7e9c,squirrel,2
13,2,58f37899c02d0bb52f25368cecc352c5,squirrel,2
13,2,b23313b0c8150f4c99758b694ec0cfdf,squirrel,2
13,2,19c2d7b9ded0b515c030e3b36dd11909,dont_know,2
13,2,4553ff552fde0b279f147b9cc7f2a8f1,cant_answer,2
13,2,bc7d80338e558589ef524d04ccf10873,squirrel,2
13,2,5eb117d281151db2b76523778152f81d,squirrel,2
13,2,d2297ef62fb166b23254c294ca60cbab,squirrel,2
13,2,e497d3dd10cf2812b4b80671cff3e665,squirrel,2
13,2,f48fb0da9bb5266ddfbc9f3b96dce68b,squirrel,2
13,2,d0c425e16d9f32755710b9e5142f43c3,Mole,2
13,2,0e02bad30b4fa81e489c2df323487f02,dont_know,2
13,2,dbb74898c9160f04a4b94916912f1d25,dont_know,2
14,1,134ec158bcdd1a2e868cf823a76a7e9c,roman,2
14,1,ac55e6442ec13faa5a616308add32e86,roman,2
14,1,b23313b0c8150f4c99758b694ec0cfdf,roman,2
14,1,0800373747ab78796173416d3a5ac8e8,dont_know,2
14,1,d2297ef62fb166b23254c294ca60cbab,cant_answer,2
14,1,4553ff552fde0b279f147b9cc7f2a8f1,roman,2
14,1,bc7d80338e558589ef524d04ccf10873,roman,2
14,1,f48fb0da9bb5266ddfbc9f3b96dce68b,roman,2
14,1,58f37899c02d0bb52f25368cecc352c5,roman,2
14,1,e497d3dd10cf2812b4b80671cff3e665,roman,2
14,1,19c2d7b9ded0b515c030e3b36dd11909,roman,2
14,1,5eb117d281151db2b76523778152f81d,roman,2
14,1,0e02bad30b4fa81e489c2df323487f02,dont_know,2
14,1,dbb74898c9160f04a4b94916912f1d25,dont_know,2
14,1,d0c425e16d9f32755710b9e5142f43c3,dont_know,2
14,2,a6cb8d31cdb7346438395858d0824bfa,roman,1
14,2,567e07672879e9cece03bcf4f470767f,roman,1
14,2,f1c50c4a21dd8490770f989814f3cd76,roman,1
14,2,67f21f32053e765011b7a58ebda7c0ef,dont_know,1
14,2,3a349d5805754f5c920d5c011aa7ed2c,dont_know,1
14,2,daf6ee4395abb0c2ee84f42b55834d89,cant_answer,1
14,2,570260f06ffa49afb7bdc797a92fea1b,roman,1
14,2,880f21222ca0914d0b9f29de0e9cf92a,roman,1
14,2,f056225247041558665fe7aa578a40b0,roman,1
14,2,d35d3ed1ec1ec3452701139b5fbbed08,roman,1
14,2,8d21ee40376569fc7e313cf00861df45,dont_know,1
15,1,567e07672879e9cece03bcf4f470767f,car,1
15,1,f056225247041558665fe7aa578a40b0,cant_answer,1
15,1,d35d3ed1ec1ec3452701139b5fbbed08,cant_answer,1
15,1,a6cb8d31cdb7346438395858d0824bfa,cant_answer,1
15,1,3a349d5805754f5c920d5c011aa7ed2c,cant_answer,1
15,1,daf6ee4395abb0c2ee84f42b55834d89,cant_answer,1
15,1,880f21222ca0914d0b9f29de0e9cf92a,cant_answer,1
15,1,f1c50c4a21dd8490770f989814f3cd76,apple,1
15,1,67f21f32053e765011b7a58ebda7c0ef,apple,1
15,1,570260f06ffa49afb7bdc797a92fea1b,apple,1
15,1,8d21ee40376569fc7e313cf00861df45,apple,1
15,2,d2297ef62fb166b23254c294ca60cbab,cant_answer,2
15,2,134ec158bcdd1a2e868cf823a76a7e9c,apple,2
15,2,4553ff552fde0b279f147b9cc7f2a8f1,apple,2
15,2,58f37899c02d0bb52f25368cecc352c5,apple,2
15,2,e497d3dd10cf2812b4b80671cff3e665,apple,2
15,2,b23313b0c8150f4c99758b694ec0cfdf,apple,2
15,2,ac55e6442ec13faa5a616308add32e86,apple,2
15,2,0800373747ab78796173416d3a5ac8e8,apple,2
15,2,bc7d80338e558589ef524d04ccf10873,apple,2
15,2,5eb117d281151db2b76523778152f81d,apple,2
15,2,f48fb0da9bb5266ddfbc9f3b96dce68b,apple,2
15,2,19c2d7b9ded0b515c030e3b36dd11909,apple,2
15,2,0e02bad30b4fa81e489c2df323487f02,apple,2
15,2,dbb74898c9160f04a4b94916912f1d25,apple,2
15,2,d0c425e16d9f32755710b9e5142f43c3,apple,2
16,1,134ec158bcdd1a2e868cf823a76a7e9c,cant_answer,2
16,1,19c2d7b9ded0b515c030e3b36dd11909,dont_know,2
16,1,ac55e6442ec13faa5a616308add32e86,dont_know,2
16,1,0800373747ab78796173416d3a5ac8e8,cant_answer,2
16,1,b23313b0c8150f4c99758b694ec0cfdf,cant_answer,2
16,1,4553ff552fde0b279f147b9cc7f2a8f1,nobel,2
16,1,5eb117d281151db2b76523778152f81d,nobel,2
16,1,0e02bad30b4fa81e489c2df323487f02,nobel,2
16,1,dbb74898c9160f04a4b94916912f1d25,nobel,2
16,1,d2297ef62fb166b23254c294ca60cbab,nobel,2
16,1,e497d3dd10cf2812b4b80671cff3e665,nobel,2
16,1,bc7d80338e558589ef524d04ccf10873,nobel,2
16,1,58f37899c02d0bb52f25368cecc352c5,nobel,2
16,1,d0c425e16d9f32755710b9e5142f43c3,nobel,2
16,1,f48fb0da9bb5266ddfbc9f3b96dce68b,cant_answer,2
16,2,a6cb8d31cdb7346438395858d0824bfa,nobel,1
16,2,567e07672879e9cece03bcf4f470767f,pulitzer,1
16,2,67f21f32053e765011b7a58ebda7c0ef,nobel,1
16,2,f1c50c4a21dd8490770f989814f3cd76,dont_know,1
16,2,3a349d5805754f5c920d5c011aa7ed2c,dont_know,1
16,2,daf6ee4395abb0c2ee84f42b55834d89,dont_know,1
16,2,f056225247041558665fe7aa578a40b0,nobel,1
16,2,880f21222ca0914d0b9f29de0e9cf92a,nobel,1
16,2,8d21ee40376569fc7e313cf00861df45,nobel,1
16,2,d35d3ed1ec1ec3452701139b5fbbed08,nobel,1
16,2,570260f06ffa49afb7bdc797a92fea1b,dont_know,1
17,1,567e07672879e9cece03bcf4f470767f,dont_know,1
17,1,f056225247041558665fe7aa578a40b0,cant_answer,1
17,1,d35d3ed1ec1ec3452701139b5fbbed08,cant_answer,1
17,1,a6cb8d31cdb7346438395858d0824bfa,cant_answer,1
17,1,3a349d5805754f5c920d5c011aa7ed2c,cant_answer,1
17,1,daf6ee4395abb0c2ee84f42b55834d89,cant_answer,1
17,1,880f21222ca0914d0b9f29de0e9cf92a,cant_answer,1
17,1,67f21f32053e765011b7a58ebda7c0ef,cant_answer,1
17,1,570260f06ffa49afb7bdc797a92fea1b,cant_answer,1
17,1,8d21ee40376569fc7e313cf00861df45,cant_answer,1
17,1,f1c50c4a21dd8490770f989814f3cd76,armstrong,1
17,2,134ec158bcdd1a2e868cf823a76a7e9c,armstrong,2
17,2,b23313b0c8150f4c99758b694ec0cfdf,armstrong,2
17,2,ac55e6442ec13faa5a616308add32e86,armstrong,2
17,2,0800373747ab78796173416d3a5ac8e8,armstrong,2
17,2,4553ff552fde0b279f147b9cc7f2a8f1,armstrong,2
17,2,bc7d80338e558589ef524d04ccf10873,armstrong,2
17,2,d2297ef62fb166b23254c294ca60cbab,armstrong,2
17,2,e497d3dd10cf2812b4b80671cff3e665,armstrong,2
17,2,f48fb0da9bb5266ddfbc9f3b96dce68b,armstrong,2
17,2,0e02bad30b4fa81e489c2df323487f02,armstrong,2
17,2,dbb74898c9160f04a4b94916912f1d25,armstrong,2
17,2,58f37899c02d0bb52f25368cecc352c5,armstrong,2
17,2,5eb117d281151db2b76523778152f81d,armstrong,2
17,2,19c2d7b9ded0b515c030e3b36dd11909,armstrong,2
17,2,d0c425e16d9f32755710b9e5142f43c3,armstrong,2
18,1,ac55e6442ec13faa5a616308add32e86,cant_answer,2
18,1,4553ff552fde0b279f147b9cc7f2a8f1,cant_answer,2
18,1,58f37899c02d0bb52f25368cecc352c5,cant_answer,2
18,1,d2297ef62fb166b23254c294ca60cbab,cant_answer,2
18,1,5eb117d281151db2b76523778152f81d,disney,2
18,1,bc7d80338e558589ef524d04ccf10873,cant_answer,2
18,1,0e02bad30b4fa81e489c2df323487f02,cant_answer,2
18,1,0800373747ab78796173416d3a5ac8e8,26,2
18,1,134ec158bcdd1a2e868cf823a76a7e9c,26,2
18,1,f48fb0da9bb5266ddfbc9f3b96dce68b,26,2
18,1,19c2d7b9ded0b515c030e3b36dd11909,26,2
18,1,dbb74898c9160f04a4b94916912f1d25,26,2
18,1,d0c425e16d9f32755710b9e5142f43c3,26,2
18,1,e497d3dd10cf2812b4b80671cff3e665,10,2
18,1,b23313b0c8150f4c99758b694ec0cfdf,0,2
18,2,567e07672879e9cece03bcf4f470767f,dont_know,1
18,2,f1c50c4a21dd8490770f989814f3cd76,28 (maybe),1
18,2,570260f06ffa49afb7bdc797a92fea1b,28,1
18,2,f056225247041558665fe7aa578a40b0,26,1
18,2,d35d3ed1ec1ec3452701139b5fbbed08,26,1
18,2,a6cb8d31cdb7346438395858d0824bfa,26,1
18,2,3a349d5805754f5c920d5c011aa7ed2c,26,1
18,2,daf6ee4395abb0c2ee84f42b55834d89,26,1
18,2,880f21222ca0914d0b9f29de0e9cf92a,26,1
18,2,67f21f32053e765011b7a58ebda7c0ef,26,1
18,2,8d21ee40376569fc7e313cf00861df45,26,1
19,1,567e07672879e9cece03bcf4f470767f,cant_answer,1
19,1,f1c50c4a21dd8490770f989814f3cd76,dont_know,1
19,1,d35d3ed1ec1ec3452701139b5fbbed08,dont_know,1
19,1,a6cb8d31cdb7346438395858d0824bfa,dont_know,1
19,1,3a349d5805754f5c920d5c011aa7ed2c,dont_know,1
19,1,67f21f32053e765011b7a58ebda7c0ef,dont_know,1
19,1,f056225247041558665fe7aa578a40b0,cant_answer,1
19,1,daf6ee4395abb0c2ee84f42b55834d89,cant_answer,1
19,1,880f21222ca0914d0b9f29de0e9cf92a,cant_answer,1
19,1,570260f06ffa49afb7bdc797a92fea1b,dont_know,1
19,1,8d21ee40376569fc7e313cf00861df45,dont_know,1
19,2,ac55e6442ec13faa5a616308add32e86,homer,2
19,2,134ec158bcdd1a2e868cf823a76a7e9c,dont_know,2
19,2,19c2d7b9ded0b515c030e3b36dd11909,dont_know,2
19,2,d2297ef62fb166b23254c294ca60cbab,dont_know,2
19,2,b23313b0c8150f4c99758b694ec0cfdf,dont_know,2
19,2,e497d3dd10cf2812b4b80671cff3e665,homer,2
19,2,4553ff552fde0b279f147b9cc7f2a8f1,homer,2
19,2,58f37899c02d0bb52f25368cecc352c5,homer,2
19,2,f48fb0da9bb5266ddfbc9f3b96dce68b,homer,2
19,2,0800373747ab78796173416d3a5ac8e8,dont_know,2
19,2,bc7d80338e558589ef524d04ccf10873,dont_know,2
19,2,5eb117d281151db2b76523778152f81d,dont_know,2
19,2,0e02bad30b4fa81e489c2df323487f02,dont_know,2
19,2,dbb74898c9160f04a4b94916912f1d25,dont_know,2
19,2,d0c425e16d9f32755710b9e5142f43c3,dont_know,2
2,1,134ec158bcdd1a2e868cf823a76a7e9c,uk,2
2,1,ac55e6442ec13faa5a616308add32e86,cant_answer,2
2,1,d2297ef62fb166b23254c294ca60cbab,cant_answer,2
2,1,e497d3dd10cf2812b4b80671cff3e665,cant_answer,2
2,1,f48fb0da9bb5266ddfbc9f3b96dce68b,uk,2
2,1,dbb74898c9160f04a4b94916912f1d25,uk,2
2,1,0800373747ab78796173416d3a5ac8e8,uk,2
2,1,5eb117d281151db2b76523778152f81d,uk,2
2,1,19c2d7b9ded0b515c030e3b36dd11909,uk,2
2,1,0e02bad30b4fa81e489c2df323487f02,uk,2
2,1,d0c425e16d9f32755710b9e5142f43c3,uk,2
2,1,4553ff552fde0b279f147b9cc7f2a8f1,Prime Minister of UK,2
2,1,b23313b0c8150f4c99758b694ec0cfdf,uk,2
2,1,58f37899c02d0bb52f25368cecc352c5,uk,2
2,1,bc7d80338e558589ef524d04ccf10873,dont_know,2
2,2,567e07672879e9cece03bcf4f470767f,uk,1
2,2,67f21f32053e765011b7a58ebda7c0ef,uk,1
2,2,570260f06ffa49afb7bdc797a92fea1b,uk,1
2,2,a6cb8d31cdb7346438395858d0824bfa,uk,1
2,2,3a349d5805754f5c920d5c011aa7ed2c,cant_answer,1
2,2,880f21222ca0914d0b9f29de0e9cf92a,uk,1
2,2,8d21ee40376569fc7e313cf00861df45,uk,1
2,2,f056225247041558665fe7aa578a40b0,uk,1
2,2,d35d3ed1ec1ec3452701139b5fbbed08,uk,1
2,2,daf6ee4395abb0c2ee84f42b55834d89,uk,1
2,2,f1c50c4a21dd8490770f989814f3cd76,uk,1
20,1,134ec158bcdd1a2e868cf823a76a7e9c,france,2
20,1,ac55e6442ec13faa5a616308add32e86,cant_answer,2
20,1,58f37899c02d0bb52f25368cecc352c5,cant_answer,2
20,1,d2297ef62fb166b23254c294ca60cbab,cant_answer,2
20,1,e497d3dd10cf2812b4b80671cff3e665,cant_answer,2
20,1,0800373747ab78796173416d3a5ac8e8,switzerland,2
20,1,4553ff552fde0b279f147b9cc7f2a8f1,switzerland,2
20,1,5eb117d281151db2b76523778152f81d,switzerland,2
20,1,f48fb0da9bb5266ddfbc9f3b96dce68b,switzerland,2
20,1,b23313b0c8150f4c99758b694ec0cfdf,switzerland,2
20,1,19c2d7b9ded0b515c030e3b36dd11909,switzerland,2
20,1,0e02bad30b4fa81e489c2df323487f02,switzerland,2
20,1,dbb74898c9160f04a4b94916912f1d25,switzerland,2
20,1,bc7d80338e558589ef524d04ccf10873,cant_answer,2
20,1,d0c425e16d9f32755710b9e5142f43c3,Belgium,2
20,2,f056225247041558665fe7aa578a40b0,switzerland,1
20,2,67f21f32053e765011b7a58ebda7c0ef,switzerland,1
20,2,567e07672879e9cece03bcf4f470767f,mexico,1
20,2,570260f06ffa49afb7bdc797a92fea1b,switzerland,1
20,2,d35d3ed1ec1ec3452701139b5fbbed08,switzerland,1
20,2,a6cb8d31cdb7346438395858d0824bfa,switzerland,1
20,2,3a349d5805754f5c920d5c011aa7ed2c,switzerland,1
20,2,daf6ee4395abb0c2ee84f42b55834d89,switzerland,1
20,2,f1c50c4a21dd8490770f989814f3cd76,switzerland,1
20,2,880f21222ca0914d0b9f29de0e9cf92a,switzerland,1
20,2,8d21ee40376569fc7e313cf00861df45,dont_know,1
3,1,567e07672879e9cece03bcf4f470767f,porridge,1
3,1,f1c50c4a21dd8490770f989814f3cd76,dont_know,1
3,1,570260f06ffa49afb7bdc797a92fea1b,dont_know,1
3,1,d35d3ed1ec1ec3452701139b5fbbed08,dont_know,1
3,1,a6cb8d31cdb7346438395858d0824bfa,cant_answer,1
3,1,3a349d5805754f5c920d5c011aa7ed2c,cant_answer,1
3,1,daf6ee4395abb0c2ee84f42b55834d89,cant_answer,1
3,1,880f21222ca0914d0b9f29de0e9cf92a,cant_answer,1
3,1,67f21f32053e765011b7a58ebda7c0ef,cant_answer,1
3,1,f056225247041558665fe7aa578a40b0,porridge,1
3,1,8d21ee40376569fc7e313cf00861df45,dont_know,1
3,2,e497d3dd10cf2812b4b80671cff3e665,pudding(?),2
3,2,134ec158bcdd1a2e868cf823a76a7e9c,porridge,2
3,2,4553ff552fde0b279f147b9cc7f2a8f1,honey,2
3,2,58f37899c02d0bb52f25368cecc352c5,honey,2
3,2,ac55e6442ec13faa5a616308add32e86,dont_know,2
3,2,0800373747ab78796173416d3a5ac8e8,dont_know,2
3,2,d2297ef62fb166b23254c294ca60cbab,dont_know,2
3,2,b23313b0c8150f4c99758b694ec0cfdf,dont_know,2
3,2,19c2d7b9ded0b515c030e3b36dd11909,dont_know,2
3,2,f48fb0da9bb5266ddfbc9f3b96dce68b,Honey,2
3,2,bc7d80338e558589ef524d04ccf10873,dont_know,2
3,2,5eb117d281151db2b76523778152f81d,dont_know,2
3,2,0e02bad30b4fa81e489c2df323487f02,dont_know,2
3,2,d0c425e16d9f32755710b9e5142f43c3,dont_know,2
3,2,dbb74898c9160f04a4b94916912f1d25,dont_know,2
4,1,b23313b0c8150f4c99758b694ec0cfdf,prince,2
4,1,134ec158bcdd1a2e868cf823a76a7e9c,cant_answer,2
4,1,d2297ef62fb166b23254c294ca60cbab,dont_know,2
4,1,19c2d7b9ded0b515c030e3b36dd11909,dont_know,2
4,1,ac55e6442ec13faa5a616308add32e86,cant_answer,2
4,1,58f37899c02d0bb52f25368cecc352c5,cant_answer,2
4,1,e497d3dd10cf2812b4b80671cff3e665,cant_answer,2
4,1,4553ff552fde0b279f147b9cc7f2a8f1,prince,2
4,1,0800373747ab78796173416d3a5ac8e8,prince,2
4,1,5eb117d281151db2b76523778152f81d,dont_know,2
4,1,d0c425e16d9f32755710b9e5142f43c3,dont_know,2
4,1,f48fb0da9bb5266ddfbc9f3b96dce68b,Cinderella,2
4,1,bc7d80338e558589ef524d04ccf10873,cant_answer,2
4,1,dbb74898c9160f04a4b94916912f1d25,cant_answer,2
4,1,0e02bad30b4fa81e489c2df323487f02,cant_answer,2
4,2,567e07672879e9cece03bcf4f470767f,prince,1
4,2,d35d3ed1ec1ec3452701139b5fbbed08,prince,1
4,2,3a349d5805754f5c920d5c011aa7ed2c,prince,1
4,2,a6cb8d31cdb7346438395858d0824bfa,prince,1
4,2,f1c50c4a21dd8490770f989814f3cd76,dont_know,1
4,2,880f21222ca0914d0b9f29de0e9cf92a,dont_know,1
4,2,67f21f32053e765011b7a58ebda7c0ef,dont_know,1
4,2,daf6ee4395abb0c2ee84f42b55834d89,prince,1
4,2,8d21ee40376569fc7e313cf00861df45,prince,1
4,2,f056225247041558665fe7aa578a40b0,prince,1
4,2,570260f06ffa49afb7bdc797a92fea1b,prince,1
5,1,567e07672879e9cece03bcf4f470767f,dont_know,1
5,1,67f21f32053e765011b7a58ebda7c0ef,halloween,1
5,1,f056225247041558665fe7aa578a40b0,cant_answer,1
5,1,a6cb8d31cdb7346438395858d0824bfa,cant_answer,1
5,1,3a349d5805754f5c920d5c011aa7ed2c,cant_answer,1
5,1,daf6ee4395abb0c2ee84f42b55834d89,cant_answer,1
5,1,880f21222ca0914d0b9f29de0e9cf92a,cant_answer,1
5,1,d35d3ed1ec1ec3452701139b5fbbed08,halloween,1
5,1,8d21ee40376569fc7e313cf00861df45,halloween,1
5,1,570260f06ffa49afb7bdc797a92fea1b,halloween,1
5,1,f1c50c4a21dd8490770f989814f3cd76,halloween,1
5,2,b23313b0c8150f4c99758b694ec0cfdf,halloween,2
5,2,134ec158bcdd1a2e868cf823a76a7e9c,halloween,2
5,2,ac55e6442ec13faa5a616308add32e86,cant_answer,2
5,2,0800373747ab78796173416d3a5ac8e8,halloween,2
5,2,4553ff552fde0b279f147b9cc7f2a8f1,halloween,2
5,2,bc7d80338e558589ef524d04ccf10873,halloween,2
5,2,58f37899c02d0bb52f25368cecc352c5,halloween,2
5,2,5eb117d281151db2b76523778152f81d,halloween,2
5,2,d2297ef62fb166b23254c294ca60cbab,halloween,2
5,2,e497d3dd10cf2812b4b80671cff3e665,halloween,2
5,2,f48fb0da9bb5266ddfbc9f3b96dce68b,halloween,2
5,2,19c2d7b9ded0b515c030e3b36dd11909,halloween,2
5,2,0e02bad30b4fa81e489c2df323487f02,halloween,2
5,2,dbb74898c9160f04a4b94916912f1d25,halloween,2
5,2,d0c425e16d9f32755710b9e5142f43c3,halloween,2
6,1,134ec158bcdd1a2e868cf823a76a7e9c,disney,2
6,1,ac55e6442ec13faa5a616308add32e86,disney,2
6,1,b23313b0c8150f4c99758b694ec0cfdf,dont_know,2
6,1,58f37899c02d0bb52f25368cecc352c5,cant_answer,2
6,1,0800373747ab78796173416d3a5ac8e8,disney,2
6,1,4553ff552fde0b279f147b9cc7f2a8f1,disney,2
6,1,bc7d80338e558589ef524d04ccf10873,disney,2
6,1,d2297ef62fb166b23254c294ca60cbab,disney,2
6,1,e497d3dd10cf2812b4b80671cff3e665,disney,2
6,1,f48fb0da9bb5266ddfbc9f3b96dce68b,disney,2
6,1,5eb117d281151db2b76523778152f81d,dont_know,2
6,1,d0c425e16d9f32755710b9e5142f43c3,dont_know,2
6,1,19c2d7b9ded0b515c030e3b36dd11909,disney,2
6,1,0e02bad30b4fa81e489c2df323487f02,cant_answer,2
6,1,dbb74898c9160f04a4b94916912f1d25,cant_answer,2
6,2,567e07672879e9cece03bcf4f470767f,disney,1
6,2,67f21f32053e765011b7a58ebda7c0ef,disney,1
6,2,f1c50c4a21dd8490770f989814f3cd76,disney,1
6,2,f056225247041558665fe7aa578a40b0,disney,1
6,2,d35d3ed1ec1ec3452701139b5fbbed08,disney,1
6,2,a6cb8d31cdb7346438395858d0824bfa,disney,1
6,2,3a349d5805754f5c920d5c011aa7ed2c,disney,1
6,2,daf6ee4395abb0c2ee84f42b55834d89,disney,1
6,2,880f21222ca0914d0b9f29de0e9cf92a,disney,1
6,2,8d21ee40376569fc7e313cf00861df45,disney,1
6,2,570260f06ffa49afb7bdc797a92fea1b,dont_know,1
7,1,f1c50c4a21dd8490770f989814f3cd76,superman,1
7,1,67f21f32053e765011b7a58ebda7c0ef,superman,1
7,1,570260f06ffa49afb7bdc797a92fea1b,dont_know,1
7,1,567e07672879e9cece03bcf4f470767f,he becomes the boothman,1
7,1,daf6ee4395abb0c2ee84f42b55834d89,superman,1
7,1,d35d3ed1ec1ec3452701139b5fbbed08,cant_answer,1
7,1,a6cb8d31cdb7346438395858d0824bfa,cant_answer,1
7,1,3a349d5805754f5c920d5c011aa7ed2c,cant_answer,1
7,1,f056225247041558665fe7aa578a40b0,superman,1
7,1,880f21222ca0914d0b9f29de0e9cf92a,superman,1
7,1,8d21ee40376569fc7e313cf00861df45,dont_know,1
7,2,134ec158bcdd1a2e868cf823a76a7e9c,superman,2
7,2,b23313b0c8150f4c99758b694ec0cfdf,superman,2
7,2,ac55e6442ec13faa5a616308add32e86,superman,2
7,2,19c2d7b9ded0b515c030e3b36dd11909,dont_know,2
7,2,e497d3dd10cf2812b4b80671cff3e665,cant_answer,2
7,2,0800373747ab78796173416d3a5ac8e8,superman,2
7,2,4553ff552fde0b279f147b9cc7f2a8f1,superman,2
7,2,58f37899c02d0bb52f25368cecc352c5,superman,2
7,2,d2297ef62fb166b23254c294ca60cbab,superman,2
7,2,f48fb0da9bb5266ddfbc9f3b96dce68b,superman,2
7,2,d0c425e16d9f32755710b9e5142f43c3,superman,2
7,2,dbb74898c9160f04a4b94916912f1d25,superman,2
7,2,bc7d80338e558589ef524d04ccf10873,dont_know,2
7,2,5eb117d281151db2b76523778152f81d,dont_know,2
7,2,0e02bad30b4fa81e489c2df323487f02,cant_answer,2
8,1,134ec158bcdd1a2e868cf823a76a7e9c,cant_answer,2
8,1,ac55e6442ec13faa5a616308add32e86,dont_know,2
8,1,4553ff552fde0b279f147b9cc7f2a8f1,dont_know,2
8,1,58f37899c02d0bb52f25368cecc352c5,dont_know,2
8,1,b23313b0c8150f4c99758b694ec0cfdf,dont_know,2
8,1,0800373747ab78796173416d3a5ac8e8,cant_answer,2
8,1,d2297ef62fb166b23254c294ca60cbab,cant_answer,2
8,1,e497d3dd10cf2812b4b80671cff3e665,avocado - guacamole,2
8,1,19c2d7b9ded0b515c030e3b36dd11909,guacamole,2
8,1,dbb74898c9160f04a4b94916912f1d25,guacamole,2
8,1,bc7d80338e558589ef524d04ccf10873,dont_know,2
8,1,5eb117d281151db2b76523778152f81d,dont_know,2
8,1,0e02bad30b4fa81e489c2df323487f02,dont_know,2
8,1,d0c425e16d9f32755710b9e5142f43c3,dont_know,2
8,1,f48fb0da9bb5266ddfbc9f3b96dce68b,cant_answer,2
8,2,567e07672879e9cece03bcf4f470767f,dont_know,1
8,2,67f21f32053e765011b7a58ebda7c0ef,guacamole,1
8,2,d35d3ed1ec1ec3452701139b5fbbed08,guacamole,1
8,2,a6cb8d31cdb7346438395858d0824bfa,guacamole,1
8,2,daf6ee4395abb0c2ee84f42b55834d89,guacamole,1
8,2,880f21222ca0914d0b9f29de0e9cf92a,guacamole,1
8,2,f1c50c4a21dd8490770f989814f3cd76,guacamole,1
8,2,f056225247041558665fe7aa578a40b0,dont_know,1
8,2,3a349d5805754f5c920d5c011aa7ed2c,dont_know,1
8,2,570260f06ffa49afb7bdc797a92fea1b,guacamole,1
8,2,8d21ee40376569fc7e313cf00861df45,dont_know,1
9,1,f056225247041558665fe7aa578a40b0,whale,1
9,1,a6cb8d31cdb7346438395858d0824bfa,whale,1
9,1,f1c50c4a21dd8490770f989814f3cd76,dont_know,1
9,1,567e07672879e9cece03bcf4f470767f,cant_answer,1
9,1,d35d3ed1ec1ec3452701139b5fbbed08,dont_know,1
9,1,daf6ee4395abb0c2ee84f42b55834d89,dont_know,1
9,1,8d21ee40376569fc7e313cf00861df45,dont_know,1
9,1,570260f06ffa49afb7bdc797a92fea1b,cant_answer,1
9,1,3a349d5805754f5c920d5c011aa7ed2c,cant_answer,1
9,1,67f21f32053e765011b7a58ebda7c0ef,cant_answer,1
9,1,880f21222ca0914d0b9f29de0e9cf92a,whale,1
9,2,58f37899c02d0bb52f25368cecc352c5,whale,2
9,2,4553ff552fde0b279f147b9cc7f2a8f1,whale,2
9,2,e497d3dd10cf2812b4b80671cff3e665,whale,2
9,2,b23313b0c8150f4c99758b694ec0cfdf,whale,2
9,2,ac55e6442ec13faa5a616308add32e86,whale,2
9,2,19c2d7b9ded0b515c030e3b36dd11909,dont_know,2
9,2,134ec158bcdd1a2e868cf823a76a7e9c,whale,2
9,2,0800373747ab78796173416d3a5ac8e8,whale,2
9,2,bc7d80338e558589ef524d04ccf10873,whale,2
9,2,d2297ef62fb166b23254c294ca60cbab,whale,2
9,2,0e02bad30b4fa81e489c2df323487f02,whale,2
9,2,dbb74898c9160f04a4b94916912f1d25,whale,2
9,2,f48fb0da9bb5266ddfbc9f3b96dce68b,whale,2
9,2,5eb117d281151db2b76523778152f81d,dont_know,2
9,2,d0c425e16d9f32755710b9e5142f43c3,dont_know,2
